asset_id,hostname,asset_type,ip_address,os,location,department,owner_user_id,owner_email,criticality,is_server,is_vpn_exposed,tags
A0001,ENG-HYD-001,laptop,10.10.30.196,Windows 11,Hyderabad,Engineering,U0004,myra.iyer@northstar.local,medium,False,False,"managed,edr"
A0002,EXE-REM-002,laptop,10.10.20.29,macOS 14,Remote,Executive,U0156,farhan.shetty@northstar.local,low,False,False,"managed,edr"
A0003,ENG-BEN-003,laptop,10.10.10.87,macOS 14,Bengaluru,Engineering,U0136,pooja.verma@northstar.local,low,False,False,"managed,edr"
A0004,ENG-BEN-004,laptop,10.10.30.89,Windows 11,Bengaluru,Engineering,U0133,meera.rao@northstar.local,low,False,False,"managed,edr"
A0005,SAL-BEN-005,laptop,10.10.20.17,Windows 11,Bengaluru,Sales,U0047,akash.tiwari@northstar.local,low,False,False,"managed,edr"
A0006,IT-HYD-006,desktop,10.20.20.148,Windows 11,Hyderabad,IT,U0137,ira.iyer@northstar.local,low,False,False,"managed,edr"
A0007,ENG-REM-007,laptop,10.10.30.166,Windows 11,Remote,Engineering,U0008,kavya.chopra@northstar.local,low,False,False,"managed,edr"
A0008,FIN-BEN-008,laptop,10.20.10.59,Windows 11,Bengaluru,Finance,U0201,rohan.gupta@northstar.local,low,False,False,"managed,edr"
A0009,SEC-PUN-009,desktop,10.20.20.32,Windows 11,Pune,Security,U0026,siddharth.agarwal@northstar.local,low,False,False,"managed,edr"
A0010,HR-BEN-010,laptop,10.10.20.148,macOS 14,Bengaluru,HR,U0162,vivaan.patel@northstar.local,high,False,False,"managed,edr"
A0011,ENG-BEN-011,desktop,10.10.10.165,Windows 11,Bengaluru,Engineering,U0155,saanvi.gupta@northstar.local,medium,False,False,"managed,edr"
A0012,SEC-REM-012,laptop,10.20.20.90,macOS 14,Remote,Security,U0125,dev.kumar2@northstar.local,low,False,False,"managed,edr"
A0013,ENG-MUM-013,desktop,10.10.10.37,Windows 11,Mumbai,Engineering,U0044,karan.pillai@northstar.local,medium,False,False,"managed,edr"
A0014,SEC-BEN-014,laptop,10.10.10.48,Windows 10,Bengaluru,Security,U0057,meera.singh@northstar.local,medium,False,False,"managed,edr"
A0015,SEC-BEN-015,laptop,10.30.10.216,Windows 11,Bengaluru,Security,U0187,priya.patel@northstar.local,low,False,False,"managed,edr"
A0016,OPE-BEN-016,laptop,10.20.10.223,Windows 11,Bengaluru,Operations,U0093,yash.singh@northstar.local,low,False,False,"managed,edr"
A0017,OPE-MUM-017,laptop,10.10.20.77,Windows 11,Mumbai,Operations,U0098,vivaan.iyer@northstar.local,low,False,False,"managed,edr"
A0018,SEC-MUM-018,laptop,10.10.30.126,Windows 10,Mumbai,Security,U0167,sai.chopra@northstar.local,high,False,False,"managed,edr"
A0019,HR-BEN-019,laptop,10.10.20.74,Windows 11,Bengaluru,HR,U0188,ira.patel@northstar.local,low,False,False,"managed,edr"
A0020,HR-BEN-020,laptop,10.30.10.177,Windows 10,Bengaluru,HR,U0095,pooja.singh@northstar.local,medium,False,False,"managed,edr"
A0021,ENG-BEN-021,laptop,10.10.10.57,Windows 11,Bengaluru,Engineering,U0069,zoya.bose@northstar.local,low,False,False,"managed,edr"
A0022,SAL-MUM-022,laptop,10.10.20.182,Windows 11,Mumbai,Sales,U0178,kiara.mehta@northstar.local,low,False,False,"managed,edr"
A0023,HR-REM-023,laptop,10.20.20.72,Windows 11,Remote,HR,U0001,nikhil.mukherjee@northstar.local,low,False,False,"managed,edr"
A0024,ENG-REM-024,laptop,10.30.10.101,Windows 11,Remote,Engineering,U0135,zoya.yadav@northstar.local,low,False,False,"managed,edr"
A0025,SAL-DEL-025,desktop,10.20.10.212,Windows 10,Delhi,Sales,U0003,nikhil.tiwari@northstar.local,low,False,False,"managed,edr"
A0026,IT-BEN-026,laptop,10.10.30.153,Windows 10,Bengaluru,IT,U0037,vihaan.tiwari@northstar.local,medium,False,False,"managed,edr"
A0027,ENG-MUM-027,desktop,10.10.10.23,Windows 11,Mumbai,Engineering,U0079,arjun.iyer@northstar.local,low,False,False,"managed,edr"
A0028,ENG-BEN-028,desktop,10.10.20.27,Windows 11,Bengaluru,Engineering,U0205,aditya.kumar@northstar.local,medium,False,False,"managed,edr"
A0029,EXE-BEN-029,desktop,10.10.30.45,macOS 14,Bengaluru,Executive,U0018,nandini.chopra@northstar.local,low,False,False,"managed,edr"
A0030,OPE-PUN-030,desktop,10.10.20.70,Windows 11,Pune,Operations,U0182,zoya.yadav2@northstar.local,medium,False,False,"managed,edr"
A0031,SEC-HYD-031,laptop,10.30.10.126,Windows 11,Hyderabad,Security,U0117,rohan.mehta2@northstar.local,medium,False,False,"managed,edr"
A0032,HR-BEN-032,laptop,10.10.10.57,Windows 10,Bengaluru,HR,U0041,sana.sharma@northstar.local,medium,False,False,"managed,edr"
A0033,ENG-BEN-033,laptop,10.20.20.41,Windows 11,Bengaluru,Engineering,U0054,harsh.jain@northstar.local,low,False,False,"managed,edr"
A0034,FIN-PUN-034,laptop,10.20.20.77,macOS 14,Pune,Finance,U0118,ishaan.reddy@northstar.local,low,False,False,"managed,edr"
A0035,SAL-BEN-035,laptop,10.10.30.204,macOS 14,Bengaluru,Sales,U0183,saanvi.tiwari@northstar.local,medium,False,False,"managed,edr"
A0036,FIN-BEN-036,desktop,10.30.10.155,Windows 11,Bengaluru,Finance,U0210,akash.verma@northstar.local,low,False,False,"managed,edr"
A0037,OPE-REM-037,laptop,10.10.30.164,macOS 14,Remote,Operations,U0139,pooja.joshi@northstar.local,low,False,True,"managed,edr"
A0038,SEC-HYD-038,laptop,10.20.10.183,Windows 11,Hyderabad,Security,U0132,yash.rao2@northstar.local,medium,False,False,"managed,edr"
A0039,OPE-BEN-039,laptop,10.10.20.21,Windows 11,Bengaluru,Operations,U0017,kavya.jain@northstar.local,medium,False,False,"managed,edr"
A0040,SAL-BEN-040,laptop,10.10.20.118,Windows 10,Bengaluru,Sales,U0064,kiara.jain@northstar.local,low,False,False,"managed,edr"
A0041,OPE-PUN-041,laptop,10.10.20.97,Windows 11,Pune,Operations,U0179,rohan.shetty2@northstar.local,low,False,False,"managed,edr"
A0042,SAL-REM-042,laptop,10.20.20.153,Windows 11,Remote,Sales,U0084,harsh.jain2@northstar.local,low,False,False,"managed,edr"
A0043,IT-MUM-043,laptop,10.10.30.46,Windows 10,Mumbai,IT,U0168,akash.iyer@northstar.local,medium,False,False,"managed,edr"
A0044,ENG-BEN-044,laptop,10.20.10.75,Windows 11,Bengaluru,Engineering,U0148,kavya.sharma@northstar.local,high,False,False,"managed,edr"
A0045,ENG-DEL-045,desktop,10.30.10.51,Windows 11,Delhi,Engineering,U0200,sneha.mukherjee@northstar.local,medium,False,False,"managed,edr"
A0046,SAL-DEL-046,laptop,10.30.10.90,Windows 11,Delhi,Sales,U0078,aisha.joshi@northstar.local,medium,False,False,"managed,edr"
A0047,OPE-BEN-047,desktop,10.10.30.173,Windows 11,Bengaluru,Operations,U0061,reyansh.sharma@northstar.local,medium,False,False,"managed,edr"
A0048,EXE-BEN-048,laptop,10.20.10.200,macOS 14,Bengaluru,Executive,U0038,myra.bose@northstar.local,low,False,False,"managed,edr"
A0049,OPE-REM-049,laptop,10.20.10.112,Windows 11,Remote,Operations,U0066,sai.tiwari@northstar.local,medium,False,False,"managed,edr"
A0050,IT-BEN-050,laptop,10.10.10.91,Windows 11,Bengaluru,IT,U0101,siddharth.mukherjee@northstar.local,low,False,False,"managed,edr"
A0051,HR-MUM-051,desktop,10.10.30.147,Windows 11,Mumbai,HR,U0011,yash.rao@northstar.local,low,False,False,"managed,edr"
A0052,ENG-REM-052,laptop,10.20.10.214,Windows 11,Remote,Engineering,U0008,kavya.chopra@northstar.local,low,False,False,"managed,edr"
A0053,SAL-DEL-053,laptop,10.10.30.152,Windows 11,Delhi,Sales,U0219,karan.kumar2@northstar.local,low,False,False,"managed,edr"
A0054,SAL-BEN-054,laptop,10.10.30.225,Windows 10,Bengaluru,Sales,U0119,rahul.bose2@northstar.local,low,False,False,"managed,edr"
A0055,IT-BEN-055,laptop,10.30.10.223,Windows 11,Bengaluru,IT,U0048,farhan.kumar@northstar.local,low,False,False,"managed,edr"
A0056,IT-BEN-056,laptop,10.10.20.214,Windows 10,Bengaluru,IT,U0035,anika.jain@northstar.local,low,False,False,"managed,edr"
A0057,SEC-HYD-057,desktop,10.10.10.218,Windows 11,Hyderabad,Security,U0154,tanya.verma@northstar.local,medium,False,False,"managed,edr"
A0058,OPE-REM-058,desktop,10.20.20.178,Windows 11,Remote,Operations,U0198,nandini.rao@northstar.local,medium,False,False,"managed,edr"
A0059,HR-PUN-059,desktop,10.30.10.231,Windows 11,Pune,HR,U0077,akash.mehta@northstar.local,medium,False,False,"managed,edr"
A0060,ENG-MUM-060,desktop,10.20.10.89,Windows 11,Mumbai,Engineering,U0010,aarav.verma@northstar.local,medium,False,False,"managed,edr"
A0061,SEC-BEN-061,laptop,10.30.10.169,Windows 10,Bengaluru,Security,U0110,rohit.pillai@northstar.local,medium,False,False,"managed,edr"
A0062,EXE-PUN-062,laptop,10.20.10.206,Windows 11,Pune,Executive,U0130,nisha.sharma@northstar.local,medium,False,True,"managed,edr"
A0063,SAL-REM-063,laptop,10.20.10.173,macOS 14,Remote,Sales,U0007,sneha.reddy@northstar.local,low,False,False,"managed,edr"
A0064,EXE-BEN-064,laptop,10.10.20.137,Windows 10,Bengaluru,Executive,U0006,madhav.nair@northstar.local,low,False,False,"managed,edr"
A0065,ENG-HYD-065,laptop,10.30.10.49,Windows 11,Hyderabad,Engineering,U0087,shreya.gupta@northstar.local,low,False,False,"managed,edr"
A0066,IT-BEN-066,laptop,10.30.10.78,Windows 10,Bengaluru,IT,U0217,aarav.agarwal@northstar.local,high,False,False,"managed,edr"
A0067,OPE-BEN-067,desktop,10.10.10.84,Windows 11,Bengaluru,Operations,U0171,aman.kapoor@northstar.local,medium,False,False,"managed,edr"
A0068,SAL-REM-068,laptop,10.10.10.95,Windows 11,Remote,Sales,U0007,sneha.reddy@northstar.local,low,False,False,"managed,edr"
A0069,IT-HYD-069,laptop,10.10.10.230,Windows 10,Hyderabad,IT,U0134,aisha.gupta@northstar.local,low,False,False,"managed,edr"
A0070,SAL-MUM-070,laptop,10.10.30.61,macOS 14,Mumbai,Sales,U0104,aarav.reddy@northstar.local,low,False,False,"managed,edr"
A0071,ENG-REM-071,laptop,10.10.30.23,macOS 14,Remote,Engineering,U0021,tanya.agarwal@northstar.local,low,False,False,"managed,edr"
A0072,FIN-BEN-072,desktop,10.20.20.116,Windows 11,Bengaluru,Finance,U0116,sai.shetty@northstar.local,high,False,False,"managed,edr"
A0073,SAL-BEN-073,desktop,10.10.10.41,Windows 11,Bengaluru,Sales,U0005,riya.bose@northstar.local,low,False,False,"managed,edr"
A0074,IT-HYD-074,laptop,10.30.10.246,macOS 14,Hyderabad,IT,U0177,zoya.chopra@northstar.local,high,False,False,"managed,edr"
A0075,ENG-REM-075,laptop,10.10.10.145,Windows 11,Remote,Engineering,U0211,kavya.rao@northstar.local,low,False,False,"managed,edr"
A0076,ENG-DEL-076,laptop,10.10.20.151,macOS 14,Delhi,Engineering,U0185,neha.yadav@northstar.local,medium,False,False,"managed,edr"
A0077,FIN-HYD-077,desktop,10.10.30.206,Windows 10,Hyderabad,Finance,U0014,sai.kumar@northstar.local,low,False,False,"managed,edr"
A0078,SAL-BEN-078,laptop,10.10.10.131,Windows 11,Bengaluru,Sales,U0180,sneha.rao2@northstar.local,low,False,False,"managed,edr"
A0079,SEC-HYD-079,laptop,10.10.10.78,Windows 11,Hyderabad,Security,U0146,sneha.rao@northstar.local,medium,False,False,"managed,edr"
A0080,IT-DEL-080,desktop,10.20.10.156,Windows 10,Delhi,IT,U0016,farhan.iyer@northstar.local,low,False,False,"managed,edr"
A0081,EXE-DEL-081,laptop,10.20.20.114,Windows 11,Delhi,Executive,U0106,kavya.mehta@northstar.local,medium,False,False,"managed,edr"
A0082,SEC-REM-082,laptop,10.20.10.113,Windows 11,Remote,Security,U0122,kavya.tiwari@northstar.local,low,False,False,"managed,edr"
A0083,SAL-MUM-083,laptop,10.10.10.63,macOS 14,Mumbai,Sales,U0059,ishaan.kumar@northstar.local,medium,False,False,"managed,edr"
A0084,ENG-REM-084,laptop,10.10.30.247,macOS 14,Remote,Engineering,U0068,varun.kapoor@northstar.local,low,False,False,"managed,edr"
A0085,OPE-REM-085,laptop,10.30.10.140,Windows 10,Remote,Operations,U0152,rohit.mukherjee@northstar.local,medium,False,False,"managed,edr"
A0086,EXE-BEN-086,laptop,10.10.10.212,Windows 11,Bengaluru,Executive,U0024,nikhil.pillai@northstar.local,low,False,False,"managed,edr"
A0087,ENG-BEN-087,laptop,10.10.20.125,Windows 11,Bengaluru,Engineering,U0072,nandini.iyer@northstar.local,low,False,True,"managed,edr"
A0088,SAL-BEN-088,desktop,10.20.20.207,Windows 11,Bengaluru,Sales,U0002,reyansh.shetty@northstar.local,medium,False,False,"managed,edr"
A0089,ENG-MUM-089,laptop,10.30.10.106,Windows 10,Mumbai,Engineering,U0159,saanvi.yadav@northstar.local,low,False,False,"managed,edr"
A0090,SAL-REM-090,desktop,10.30.10.29,Windows 10,Remote,Sales,U0056,farhan.agarwal@northstar.local,low,False,False,"managed,edr"
A0091,HR-BEN-091,desktop,10.30.10.181,Windows 11,Bengaluru,HR,U0028,tanya.mukherjee@northstar.local,low,False,False,"managed,edr"
A0092,IT-REM-092,laptop,10.10.10.148,Windows 10,Remote,IT,U0191,nikhil.chopra@northstar.local,medium,False,False,"managed,edr"
A0093,SEC-REM-093,laptop,10.20.10.98,Windows 10,Remote,Security,U0150,ishaan.singh@northstar.local,low,False,False,"managed,edr"
A0094,SAL-BEN-094,laptop,10.20.10.86,macOS 14,Bengaluru,Sales,U0190,arjun.tiwari@northstar.local,low,False,False,"managed,edr"
A0095,SAL-BEN-095,laptop,10.20.20.23,Windows 10,Bengaluru,Sales,U0143,arjun.yadav@northstar.local,medium,False,False,"managed,edr"
A0096,SEC-DEL-096,laptop,10.30.10.192,Windows 10,Delhi,Security,U0145,pooja.sharma@northstar.local,medium,False,False,"managed,edr"
A0097,OPE-MUM-097,laptop,10.30.10.184,Windows 10,Mumbai,Operations,U0033,aisha.reddy@northstar.local,low,False,False,"managed,edr"
A0098,IT-BEN-098,laptop,10.20.20.93,Windows 10,Bengaluru,IT,U0189,dev.bose@northstar.local,low,False,True,"managed,edr"
A0099,OPE-BEN-099,laptop,10.10.30.145,macOS 14,Bengaluru,Operations,U0120,kiara.jain2@northstar.local,low,False,False,"managed,edr"
A0100,ENG-PUN-100,desktop,10.20.10.179,Windows 11,Pune,Engineering,U0053,anaya.sharma@northstar.local,high,False,False,"managed,edr"
A0101,FIN-HYD-101,laptop,10.10.10.165,Windows 11,Hyderabad,Finance,U0094,rohan.shetty@northstar.local,low,False,False,"managed,edr"
A0102,OPE-REM-102,laptop,10.10.10.84,Windows 11,Remote,Operations,U0176,vivaan.singh@northstar.local,medium,False,False,"managed,edr"
A0103,FIN-BEN-103,laptop,10.30.10.53,Windows 10,Bengaluru,Finance,U0034,siddharth.yadav@northstar.local,medium,False,False,"managed,edr"
A0104,ENG-BEN-104,laptop,10.10.30.158,Windows 11,Bengaluru,Engineering,U0081,pooja.reddy@northstar.local,low,False,False,"managed,edr"
A0105,ENG-REM-105,laptop,10.10.20.211,Windows 11,Remote,Engineering,U0157,akash.tiwari2@northstar.local,medium,False,False,"managed,edr"
A0106,SAL-BEN-106,laptop,10.10.20.16,Windows 11,Bengaluru,Sales,U0063,shreya.shetty@northstar.local,low,False,False,"managed,edr"
A0107,SAL-DEL-107,laptop,10.10.30.15,Windows 11,Delhi,Sales,U0128,reyansh.jain@northstar.local,medium,False,True,"managed,edr"
A0108,ENG-BEN-108,desktop,10.10.30.64,Windows 10,Bengaluru,Engineering,U0012,vivaan.kumar@northstar.local,low,False,False,"managed,edr"
A0109,SAL-MUM-109,desktop,10.10.20.226,Windows 11,Mumbai,Sales,U0129,farhan.mukherjee@northstar.local,low,False,False,"managed,edr"
A0110,FIN-MUM-110,desktop,10.20.20.82,Windows 10,Mumbai,Finance,U0051,anika.iyer@northstar.local,high,False,False,"managed,edr"
A0111,SAL-REM-111,laptop,10.20.20.91,Windows 11,Remote,Sales,U0091,reyansh.shetty2@northstar.local,high,False,False,"managed,edr"
A0112,ENG-BEN-112,laptop,10.20.10.54,Windows 10,Bengaluru,Engineering,U0062,krishna.kumar@northstar.local,high,False,False,"managed,edr"
A0113,SAL-DEL-113,laptop,10.10.30.164,Windows 10,Delhi,Sales,U0003,nikhil.tiwari@northstar.local,low,False,False,"managed,edr"
A0114,FIN-REM-114,desktop,10.10.20.132,Windows 11,Remote,Finance,U0075,rahul.bose@northstar.local,low,False,False,"managed,edr"
A0115,SAL-HYD-115,laptop,10.30.10.200,Windows 11,Hyderabad,Sales,U0099,arjun.agarwal@northstar.local,medium,False,False,"managed,edr"
A0116,HR-REM-116,laptop,10.10.10.92,Windows 11,Remote,HR,U0046,siddharth.agarwal2@northstar.local,low,False,False,"managed,edr"
A0117,SAL-DEL-117,laptop,10.20.10.26,Windows 10,Delhi,Sales,U0060,priya.reddy@northstar.local,low,False,False,"managed,edr"
A0118,FIN-BEN-118,laptop,10.20.20.79,Windows 11,Bengaluru,Finance,U0181,kiara.rao@northstar.local,low,False,False,"managed,edr"
A0119,ENG-MUM-119,laptop,10.10.30.66,Windows 10,Mumbai,Engineering,U0199,harsh.yadav@northstar.local,low,False,False,"managed,edr"
A0120,SAL-BEN-120,laptop,10.10.30.86,Windows 11,Bengaluru,Sales,U0005,riya.bose@northstar.local,low,False,False,"managed,edr"
A0121,ENG-HYD-121,laptop,10.10.30.54,Windows 11,Hyderabad,Engineering,U0212,akash.chopra@northstar.local,medium,False,False,"managed,edr"
A0122,SAL-BEN-122,laptop,10.10.30.149,Windows 10,Bengaluru,Sales,U0050,varun.agarwal@northstar.local,medium,False,False,"managed,edr"
A0123,IT-REM-123,laptop,10.30.10.193,Windows 11,Remote,IT,U0192,priya.bose@northstar.local,low,False,False,"managed,edr"
A0124,OPE-DEL-124,laptop,10.20.10.123,Windows 11,Delhi,Operations,U0067,anika.reddy@northstar.local,low,False,False,"managed,edr"
A0125,OPE-BEN-125,desktop,10.10.20.82,Windows 11,Bengaluru,Operations,U0220,neha.reddy@northstar.local,low,False,True,"managed,edr"
A0126,FIN-HYD-126,desktop,10.20.20.126,Windows 11,Hyderabad,Finance,U0076,aman.mehta@northstar.local,low,False,False,"managed,edr"
A0127,SAL-BEN-127,desktop,10.30.10.128,Windows 10,Bengaluru,Sales,U0049,aman.pillai@northstar.local,medium,False,False,"managed,edr"
A0128,SAL-HYD-128,laptop,10.20.20.68,Windows 10,Hyderabad,Sales,U0090,rohan.mehta@northstar.local,high,False,False,"managed,edr"
A0129,HR-REM-129,desktop,10.10.10.38,Windows 11,Remote,HR,U0042,reyansh.tiwari@northstar.local,high,False,False,"managed,edr"
A0130,HR-DEL-130,laptop,10.10.30.19,Windows 10,Delhi,HR,U0089,nikhil.joshi@northstar.local,low,False,False,"managed,edr"
A0131,ENG-HYD-131,laptop,10.10.10.13,Windows 10,Hyderabad,Engineering,U0004,myra.iyer@northstar.local,medium,False,False,"managed,edr"
A0132,SAL-PUN-132,laptop,10.20.10.153,macOS 14,Pune,Sales,U0194,akash.patel@northstar.local,medium,False,False,"managed,edr"
A0133,SEC-PUN-133,laptop,10.10.10.159,Windows 10,Pune,Security,U0153,rohit.iyer@northstar.local,low,False,False,"managed,edr"
A0134,EXE-BEN-134,laptop,10.20.10.65,macOS 14,Bengaluru,Executive,U0043,varun.singh@northstar.local,medium,False,False,"managed,edr"
A0135,ENG-DEL-135,desktop,10.30.10.167,Windows 11,Delhi,Engineering,U0027,ira.joshi@northstar.local,low,False,False,"managed,edr"
A0136,ENG-MUM-136,laptop,10.10.10.72,Windows 10,Mumbai,Engineering,U0124,aisha.reddy2@northstar.local,low,False,False,"managed,edr"
A0137,HR-BEN-137,laptop,10.10.10.173,Windows 11,Bengaluru,HR,U0131,abhinav.singh@northstar.local,low,False,False,"managed,edr"
A0138,IT-BEN-138,laptop,10.10.20.24,Windows 11,Bengaluru,IT,U0100,rohan.patel@northstar.local,medium,False,False,"managed,edr"
A0139,SAL-REM-139,desktop,10.30.10.17,Windows 10,Remote,Sales,U0170,diya.shetty@northstar.local,medium,False,False,"managed,edr"
A0140,SAL-BEN-140,desktop,10.10.30.240,Windows 10,Bengaluru,Sales,U0163,zoya.joshi@northstar.local,low,False,False,"managed,edr"
A0141,ENG-BEN-141,laptop,10.30.10.21,Windows 10,Bengaluru,Engineering,U0127,myra.singh@northstar.local,low,False,False,"managed,edr"
A0142,SAL-HYD-142,laptop,10.20.10.193,Windows 10,Hyderabad,Sales,U0052,myra.joshi@northstar.local,low,False,False,"managed,edr"
A0143,ENG-DEL-143,laptop,10.20.20.81,Windows 11,Delhi,Engineering,U0172,meera.shetty@northstar.local,low,False,False,"managed,edr"
A0144,SEC-REM-144,laptop,10.30.10.70,Windows 11,Remote,Security,U0111,tanya.mukherjee2@northstar.local,high,False,False,"managed,edr"
A0145,IT-MUM-145,laptop,10.30.10.181,Windows 10,Mumbai,IT,U0209,anika.tiwari@northstar.local,medium,False,False,"managed,edr"
A0146,EXE-BEN-146,laptop,10.10.10.25,Windows 11,Bengaluru,Executive,U0105,shreya.gupta2@northstar.local,medium,False,False,"managed,edr"
A0147,SEC-BEN-147,laptop,10.10.10.17,Windows 11,Bengaluru,Security,U0121,akash.yadav@northstar.local,medium,False,False,"managed,edr"
A0148,SAL-DEL-148,laptop,10.20.20.174,macOS 14,Delhi,Sales,U0071,dev.kumar@northstar.local,low,False,False,"managed,edr"
A0149,FIN-BEN-149,laptop,10.30.10.154,Windows 10,Bengaluru,Finance,U0206,varun.bose@northstar.local,low,False,False,"managed,edr"
A0150,SEC-BEN-150,laptop,10.20.20.231,macOS 14,Bengaluru,Security,U0032,anaya.agarwal@northstar.local,low,False,False,"managed,edr"
A0151,OPE-MUM-151,laptop,10.20.10.168,Windows 11,Mumbai,Operations,U0173,varun.chopra@northstar.local,low,False,False,"managed,edr"
A0152,OPE-HYD-152,desktop,10.10.30.221,Windows 11,Hyderabad,Operations,U0138,sneha.bose@northstar.local,low,False,False,"managed,edr"
A0153,FIN-REM-153,desktop,10.10.20.234,Windows 10,Remote,Finance,U0083,tanya.rao@northstar.local,low,False,False,"managed,edr"
A0154,SEC-REM-154,laptop,10.10.30.164,macOS 14,Remote,Security,U0107,vivaan.agarwal@northstar.local,medium,False,False,"managed,edr"
A0155,HR-BEN-155,laptop,10.10.20.58,Windows 11,Bengaluru,HR,U0215,arjun.kapoor@northstar.local,low,False,False,"managed,edr"
A0156,OPE-DEL-156,laptop,10.10.10.53,Windows 10,Delhi,Operations,U0186,ankit.nair@northstar.local,medium,False,False,"managed,edr"
A0157,ENG-BEN-157,laptop,10.30.10.140,Windows 11,Bengaluru,Engineering,U0203,anaya.tiwari@northstar.local,low,False,False,"managed,edr"
A0158,IT-REM-158,desktop,10.10.10.59,Windows 10,Remote,IT,U0144,nisha.reddy2@northstar.local,high,False,False,"managed,edr"
A0159,ENG-BEN-159,desktop,10.20.10.84,Windows 11,Bengaluru,Engineering,U0080,yash.shetty@northstar.local,high,False,False,"managed,edr"
A0160,FIN-HYD-160,laptop,10.30.10.235,Windows 11,Hyderabad,Finance,U0197,nandini.yadav@northstar.local,medium,False,False,"managed,edr"
A0161,IT-MUM-161,laptop,10.10.30.86,Windows 11,Mumbai,IT,U0169,aditya.gupta@northstar.local,medium,False,False,"managed,edr"
A0162,EXE-PUN-162,laptop,10.30.10.57,Windows 10,Pune,Executive,U0029,siddharth.jain@northstar.local,medium,False,False,"managed,edr"
A0163,OPE-REM-163,laptop,10.20.20.40,Windows 10,Remote,Operations,U0141,rohan.mehta3@northstar.local,medium,False,False,"managed,edr"
A0164,OPE-BEN-164,laptop,10.20.20.239,Windows 10,Bengaluru,Operations,U0092,zoya.sharma@northstar.local,medium,False,False,"managed,edr"
A0165,IT-DEL-165,laptop,10.20.10.177,Windows 11,Delhi,IT,U0030,tanya.gupta@northstar.local,medium,False,False,"managed,edr"
A0166,SAL-BEN-166,laptop,10.10.10.43,Windows 10,Bengaluru,Sales,U0019,arjun.rao@northstar.local,medium,False,False,"managed,edr"
A0167,HR-REM-167,laptop,10.10.20.92,macOS 14,Remote,HR,U0208,akash.nair@northstar.local,low,False,False,"managed,edr"
A0168,ENG-BEN-168,laptop,10.10.10.77,Windows 11,Bengaluru,Engineering,U0114,ishaan.patel2@northstar.local,low,False,False,"managed,edr"
A0169,SEC-PUN-169,laptop,10.10.30.60,Windows 11,Pune,Security,U0031,sneha.yadav@northstar.local,medium,False,False,"managed,edr"
A0170,SEC-HYD-170,laptop,10.30.10.10,Windows 10,Hyderabad,Security,U0112,nikhil.iyer@northstar.local,medium,False,False,"managed,edr"
A0171,OPE-HYD-171,laptop,10.10.10.26,Windows 11,Hyderabad,Operations,U0115,nandini.agarwal@northstar.local,high,False,False,"managed,edr"
A0172,OPE-BEN-172,laptop,10.20.10.229,Windows 11,Bengaluru,Operations,U0097,rahul.pillai@northstar.local,medium,False,False,"managed,edr"
A0173,IT-BEN-173,laptop,10.10.20.90,Windows 10,Bengaluru,IT,U0193,saanvi.mukherjee@northstar.local,medium,False,False,"managed,edr"
A0174,ENG-BEN-174,laptop,10.30.10.61,Windows 11,Bengaluru,Engineering,U0113,sana.jain@northstar.local,medium,False,False,"managed,edr"
A0175,IT-REM-175,laptop,10.10.20.149,Windows 10,Remote,IT,U0195,vivaan.singh2@northstar.local,medium,False,False,"managed,edr"
A0176,OPE-BEN-176,desktop,10.10.10.104,Windows 11,Bengaluru,Operations,U0045,ritika.verma@northstar.local,low,False,False,"managed,edr"
A0177,IT-BEN-177,desktop,10.30.10.75,Windows 11,Bengaluru,IT,U0020,nandini.sharma@northstar.local,medium,False,False,"managed,edr"
A0178,SAL-HYD-178,laptop,10.30.10.175,Windows 11,Hyderabad,Sales,U0161,rohan.rao@northstar.local,low,False,True,"managed,edr"
A0179,SAL-MUM-179,laptop,10.10.10.51,Windows 11,Mumbai,Sales,U0174,diya.nair@northstar.local,low,False,False,"managed,edr"
A0180,SAL-MUM-180,desktop,10.10.30.245,Windows 11,Mumbai,Sales,U0086,anika.nair@northstar.local,medium,False,False,"managed,edr"
A0181,ENG-HYD-181,desktop,10.20.20.173,Windows 10,Hyderabad,Engineering,U0108,meera.bose@northstar.local,medium,False,False,"managed,edr"
A0182,ENG-MUM-182,desktop,10.10.30.123,Windows 10,Mumbai,Engineering,U0123,diya.kumar@northstar.local,medium,False,False,"managed,edr"
A0183,SAL-BEN-183,laptop,10.20.10.228,Windows 11,Bengaluru,Sales,U0002,reyansh.shetty@northstar.local,medium,False,False,"managed,edr"
A0184,IT-BEN-184,laptop,10.10.10.147,Windows 11,Bengaluru,IT,U0140,aman.sharma@northstar.local,medium,False,False,"managed,edr"
A0185,SAL-PUN-185,desktop,10.30.10.84,Windows 11,Pune,Sales,U0149,myra.verma@northstar.local,medium,False,False,"managed,edr"
A0186,ENG-MUM-186,laptop,10.30.10.133,macOS 14,Mumbai,Engineering,U0010,aarav.verma@northstar.local,medium,False,False,"managed,edr"
A0187,FIN-REM-187,laptop,10.10.10.21,Windows 10,Remote,Finance,U0216,rohit.reddy@northstar.local,low,False,False,"managed,edr"
A0188,SAL-REM-188,desktop,10.20.10.48,Windows 10,Remote,Sales,U0158,sana.yadav@northstar.local,low,False,False,"managed,edr"
A0189,EXE-BEN-189,laptop,10.30.10.85,Windows 11,Bengaluru,Executive,U0006,madhav.nair@northstar.local,low,False,False,"managed,edr"
A0190,ENG-MUM-190,laptop,10.10.10.236,Windows 11,Mumbai,Engineering,U0184,karan.mehta@northstar.local,low,False,False,"managed,edr"
A0191,OPE-PUN-191,laptop,10.30.10.197,Windows 11,Pune,Operations,U0164,siddharth.patel@northstar.local,medium,False,False,"managed,edr"
A0192,FIN-DEL-192,laptop,10.20.20.23,Windows 11,Delhi,Finance,U0088,karan.bose@northstar.local,low,False,False,"managed,edr"
A0193,SAL-BEN-193,laptop,10.10.10.37,Windows 10,Bengaluru,Sales,U0036,vivaan.tiwari@northstar.local,high,False,False,"managed,edr"
A0194,IT-PUN-194,laptop,10.10.20.222,Windows 11,Pune,IT,U0142,vihaan.bose@northstar.local,medium,False,False,"managed,edr"
A0195,SEC-BEN-195,laptop,10.20.10.63,Windows 10,Bengaluru,Security,U0214,krishna.yadav@northstar.local,high,False,False,"managed,edr"
A0196,IT-MUM-196,laptop,10.20.10.168,Windows 11,Mumbai,IT,U0160,ankit.jain@northstar.local,low,False,False,"managed,edr"
A0197,IT-HYD-197,desktop,10.10.10.219,Windows 11,Hyderabad,IT,U0213,saanvi.shetty@northstar.local,low,False,False,"managed,edr"
A0198,ENG-BEN-198,desktop,10.10.30.73,Windows 11,Bengaluru,Engineering,U0013,kiara.shetty@northstar.local,low,False,False,"managed,edr"
A0199,SAL-PUN-199,laptop,10.10.30.204,Windows 11,Pune,Sales,U0126,sneha.jain@northstar.local,medium,False,False,"managed,edr"
A0200,EXE-PUN-200,desktop,10.10.20.128,Windows 11,Pune,Executive,U0196,aisha.singh@northstar.local,low,False,False,"managed,edr"
A0201,SAL-REM-201,laptop,10.20.10.137,Windows 10,Remote,Sales,U0015,ankit.bose@northstar.local,low,False,False,"managed,edr"
A0202,SAL-BEN-202,laptop,10.10.20.165,Windows 10,Bengaluru,Sales,U0073,reyansh.nair@northstar.local,low,False,False,"managed,edr"
A0203,ENG-MUM-203,laptop,10.20.20.207,Windows 10,Mumbai,Engineering,U0165,vihaan.singh@northstar.local,medium,False,False,"managed,edr"
A0204,SAL-MUM-204,laptop,10.10.20.175,macOS 14,Mumbai,Sales,U0218,sana.tiwari@northstar.local,high,False,False,"managed,edr"
A0205,SAL-PUN-205,laptop,10.10.30.100,Windows 11,Pune,Sales,U0202,dev.rao@northstar.local,medium,False,False,"managed,edr"
A0206,SAL-BEN-206,laptop,10.10.20.225,Windows 11,Bengaluru,Sales,U0040,sneha.iyer@northstar.local,medium,False,False,"managed,edr"
A0207,OPE-REM-207,laptop,10.20.20.35,macOS 14,Remote,Operations,U0039,anaya.nair@northstar.local,low,False,False,"managed,edr"
A0208,FIN-MUM-208,laptop,10.30.10.39,Windows 10,Mumbai,Finance,U0082,rohit.joshi@northstar.local,high,False,False,"managed,edr"
A0209,OPE-BEN-209,laptop,10.20.20.75,Windows 10,Bengaluru,Operations,U0009,karan.patel@northstar.local,low,False,False,"managed,edr"
A0210,SAL-MUM-210,laptop,10.30.10.131,macOS 14,Mumbai,Sales,U0085,myra.iyer2@northstar.local,medium,False,False,"managed,edr"
A0211,OPE-BEN-211,desktop,10.10.30.196,Windows 11,Bengaluru,Operations,U0009,karan.patel@northstar.local,low,False,False,"managed,edr"
A0212,ENG-BEN-212,laptop,10.20.10.59,Windows 11,Bengaluru,Engineering,U0058,ishaan.patel@northstar.local,low,False,False,"managed,edr"
A0213,SAL-REM-213,laptop,10.20.20.13,Windows 11,Remote,Sales,U0102,siddharth.pillai@northstar.local,low,False,False,"managed,edr"
A0214,EXE-REM-214,laptop,10.20.20.117,Windows 11,Remote,Executive,U0022,ankit.verma@northstar.local,low,False,False,"managed,edr"
A0215,OPE-PUN-215,laptop,10.30.10.157,Windows 11,Pune,Operations,U0025,neha.patel@northstar.local,low,False,False,"managed,edr"
A0216,IT-DEL-216,laptop,10.30.10.34,Windows 11,Delhi,IT,U0175,vihaan.rao@northstar.local,low,False,False,"managed,edr"
A0217,IT-REM-217,laptop,10.10.30.157,Windows 11,Remote,IT,U0147,atharv.bose@northstar.local,low,False,False,"managed,edr"
A0218,FIN-PUN-218,laptop,10.10.10.131,Windows 11,Pune,Finance,U0074,nisha.reddy@northstar.local,low,False,False,"managed,edr"
A0219,EXE-BEN-219,laptop,10.20.10.216,Windows 11,Bengaluru,Executive,U0023,meera.tiwari@northstar.local,medium,False,False,"managed,edr"
A0220,FIN-REM-220,laptop,10.20.10.33,Windows 10,Remote,Finance,U0103,neha.sharma@northstar.local,medium,False,False,"managed,edr"
A0221,IT-BEN-221,desktop,10.10.30.39,Windows 11,Bengaluru,IT,U0096,priya.sharma@northstar.local,low,False,False,"managed,edr"
A0222,HR-REM-222,laptop,10.20.20.94,Windows 11,Remote,HR,U0001,nikhil.mukherjee@northstar.local,low,False,False,"managed,edr"
A0223,ENG-HYD-223,laptop,10.20.10.33,macOS 14,Hyderabad,Engineering,U0166,atharv.shetty@northstar.local,low,False,False,"managed,edr"
A0224,FIN-REM-224,laptop,10.30.10.161,Windows 10,Remote,Finance,U0109,sana.pillai@northstar.local,low,False,False,"managed,edr"
A0225,IT-PUN-225,laptop,10.20.10.128,Windows 11,Pune,IT,U0204,aman.nair@northstar.local,low,False,False,"managed,edr"
A0226,IT-BEN-226,laptop,10.20.20.60,Windows 10,Bengaluru,IT,U0207,atharv.agarwal@northstar.local,low,False,False,"managed,edr"
A0227,IT-PUN-227,desktop,10.10.20.223,Windows 10,Pune,IT,U0070,karan.kumar@northstar.local,medium,False,False,"managed,edr"
A0228,OPE-BEN-228,laptop,10.20.10.55,Windows 10,Bengaluru,Operations,U0151,madhav.kumar@northstar.local,medium,False,False,"managed,edr"
A0229,ENG-MUM-229,laptop,10.30.10.40,Windows 11,Mumbai,Engineering,U0065,priya.kapoor@northstar.local,low,False,False,"managed,edr"
A0230,ENG-BEN-230,laptop,10.10.10.131,Windows 10,Bengaluru,Engineering,U0055,tanya.jain@northstar.local,high,False,False,"managed,edr"
A0231,SRV-DOM-001,domain_controller,10.99.3.61,Windows Server 2022,Bengaluru,IT,U0065,priya.kapoor@northstar.local,critical,True,False,"managed,server,domain_controller"
A0232,SRV-VPN-002,server,10.99.16.206,Windows Server 2022,Bengaluru,IT,U0113,sana.jain@northstar.local,critical,True,True,"managed,server,vpn_gateway"
A0233,SRV-BAC-003,server,10.99.2.125,Windows Server 2019,Bengaluru,IT,U0111,tanya.mukherjee2@northstar.local,critical,True,False,"managed,server,backup_server"
A0234,SRV-APP-004,server,10.99.16.35,Ubuntu 22.04,Bengaluru,IT,U0031,sneha.yadav@northstar.local,medium,True,False,"managed,server,app_server"
A0235,SRV-MAI-005,server,10.99.10.163,Windows Server 2022,Bengaluru,IT,U0026,siddharth.agarwal@northstar.local,high,True,False,"managed,server,mail_gateway"
A0236,SRV-MAI-006,server,10.99.11.61,Ubuntu 22.04,Bengaluru,IT,U0058,ishaan.patel@northstar.local,high,True,False,"managed,server,mail_gateway"
A0237,SRV-PRO-007,server,10.99.15.87,Ubuntu 22.04,Bengaluru,IT,U0044,karan.pillai@northstar.local,high,True,False,"managed,server,proxy"
A0238,SRV-APP-008,server,10.99.11.62,Windows Server 2022,Bengaluru,IT,U0175,vihaan.rao@northstar.local,medium,True,False,"managed,server,app_server"
A0239,SRV-JUM-009,server,10.99.2.22,Windows Server 2022,Bengaluru,IT,U0155,saanvi.gupta@northstar.local,medium,True,False,"managed,server,jump_host"
A0240,SRV-JUM-010,server,10.99.13.29,Windows Server 2019,Bengaluru,IT,U0136,pooja.verma@northstar.local,medium,True,False,"managed,server,jump_host"
A0241,SRV-FIL-011,server,10.99.14.72,Windows Server 2019,Bengaluru,IT,U0027,ira.joshi@northstar.local,medium,True,False,"managed,server,file_server"
A0242,SRV-JUM-012,server,10.99.8.137,Windows Server 2022,Bengaluru,IT,U0142,vihaan.bose@northstar.local,high,True,False,"managed,server,jump_host"
A0243,SRV-APP-013,server,10.99.14.79,Windows Server 2019,Bengaluru,IT,U0112,nikhil.iyer@northstar.local,medium,True,False,"managed,server,app_server"
A0244,SRV-JUM-014,server,10.99.18.84,Windows Server 2022,Bengaluru,IT,U0168,akash.iyer@northstar.local,medium,True,False,"managed,server,jump_host"
A0245,SRV-PRO-015,server,10.99.2.95,Windows Server 2019,Bengaluru,IT,U0200,sneha.mukherjee@northstar.local,medium,True,False,"managed,server,proxy"
A0246,SRV-MAI-016,server,10.99.9.169,Windows Server 2022,Bengaluru,IT,U0031,sneha.yadav@northstar.local,medium,True,False,"managed,server,mail_gateway"
A0247,SRV-MAI-017,server,10.99.10.50,Windows Server 2022,Bengaluru,IT,U9001,svc_backup@northstar.local,high,True,False,"managed,server,mail_gateway"
A0248,SRV-APP-018,server,10.99.20.15,Ubuntu 22.04,Bengaluru,IT,U0148,kavya.sharma@northstar.local,high,True,False,"managed,server,app_server"
A0249,SRV-PRO-019,server,10.99.1.123,Windows Server 2019,Bengaluru,IT,U0124,aisha.reddy2@northstar.local,high,True,False,"managed,server,proxy"
A0250,SRV-MAI-020,server,10.99.14.35,Windows Server 2019,Bengaluru,IT,U0012,vivaan.kumar@northstar.local,medium,True,False,"managed,server,mail_gateway"
A0251,SRV-DB_-021,server,10.99.12.108,Ubuntu 22.04,Bengaluru,IT,U0032,anaya.agarwal@northstar.local,critical,True,False,"managed,server,db_server"
A0252,SRV-DB_-022,server,10.99.13.212,Ubuntu 22.04,Bengaluru,IT,U0154,tanya.verma@northstar.local,critical,True,False,"managed,server,db_server"
A0253,SRV-FIL-023,server,10.99.5.182,Windows Server 2022,Bengaluru,IT,U0205,aditya.kumar@northstar.local,high,True,False,"managed,server,file_server"
A0254,SRV-PRO-024,server,10.99.20.147,Windows Server 2019,Bengaluru,IT,U0217,aarav.agarwal@northstar.local,high,True,False,"managed,server,proxy"
A0255,SRV-JUM-025,server,10.99.16.43,Windows Server 2022,Bengaluru,IT,U0177,zoya.chopra@northstar.local,high,True,False,"managed,server,jump_host"
A0256,SRV-PRO-026,server,10.99.9.46,Ubuntu 22.04,Bengaluru,IT,U0168,akash.iyer@northstar.local,medium,True,False,"managed,server,proxy"
A0257,SRV-APP-027,server,10.99.10.219,Ubuntu 22.04,Bengaluru,IT,U0037,vihaan.tiwari@northstar.local,high,True,False,"managed,server,app_server"
A0258,SRV-FIL-028,server,10.99.8.238,Ubuntu 22.04,Bengaluru,IT,U0117,rohan.mehta2@northstar.local,medium,True,False,"managed,server,file_server"
A0259,SRV-PRO-029,server,10.99.14.191,Windows Server 2019,Bengaluru,IT,U0030,tanya.gupta@northstar.local,high,True,False,"managed,server,proxy"
A0260,SRV-FIL-030,server,10.99.17.29,Windows Server 2022,Bengaluru,IT,U0175,vihaan.rao@northstar.local,medium,True,False,"managed,server,file_server"
A0261,SRV-JUM-031,server,10.99.11.53,Windows Server 2022,Bengaluru,IT,U0087,shreya.gupta@northstar.local,medium,True,False,"managed,server,jump_host"
A0262,SRV-MAI-032,server,10.99.4.216,Windows Server 2019,Bengaluru,IT,U0146,sneha.rao@northstar.local,medium,True,False,"managed,server,mail_gateway"
A0263,SRV-DB_-033,server,10.99.17.38,Windows Server 2022,Bengaluru,IT,U0166,atharv.shetty@northstar.local,critical,True,False,"managed,server,db_server"
A0264,SRV-APP-034,server,10.99.14.141,Windows Server 2019,Bengaluru,IT,U0132,yash.rao2@northstar.local,medium,True,False,"managed,server,app_server"
A0265,SRV-FIL-035,server,10.99.20.89,Ubuntu 22.04,Bengaluru,IT,U0053,anaya.sharma@northstar.local,high,True,False,"managed,server,file_server"
A0266,SRV-FIL-036,server,10.99.8.60,Windows Server 2019,Bengaluru,IT,U0207,atharv.agarwal@northstar.local,medium,True,False,"managed,server,file_server"
A0267,SRV-APP-037,server,10.99.12.178,Ubuntu 22.04,Bengaluru,IT,U0184,karan.mehta@northstar.local,medium,True,False,"managed,server,app_server"
A0268,SRV-DB_-038,server,10.99.1.43,Windows Server 2022,Bengaluru,IT,U0193,saanvi.mukherjee@northstar.local,critical,True,False,"managed,server,db_server"
A0269,SRV-APP-039,server,10.99.2.178,Windows Server 2022,Bengaluru,IT,U0070,karan.kumar@northstar.local,high,True,False,"managed,server,app_server"
A0270,SRV-FIL-040,server,10.99.3.239,Ubuntu 22.04,Bengaluru,IT,U0044,karan.pillai@northstar.local,high,True,False,"managed,server,file_server"
A0271,SRV-APP-041,server,10.99.9.242,Windows Server 2019,Bengaluru,IT,U0142,vihaan.bose@northstar.local,medium,True,False,"managed,server,app_server"
A0272,SRV-DB_-042,server,10.99.12.206,Ubuntu 22.04,Bengaluru,IT,U0048,farhan.kumar@northstar.local,critical,True,False,"managed,server,db_server"
A0273,SRV-FIL-043,server,10.99.9.144,Windows Server 2019,Bengaluru,IT,U9001,svc_backup@northstar.local,medium,True,False,"managed,server,file_server"
A0274,SRV-PRO-044,server,10.99.5.47,Windows Server 2022,Bengaluru,IT,U0213,saanvi.shetty@northstar.local,high,True,False,"managed,server,proxy"
A0275,SRV-MAI-045,server,10.99.8.200,Ubuntu 22.04,Bengaluru,IT,U0062,krishna.kumar@northstar.local,high,True,False,"managed,server,mail_gateway"
A0276,SRV-PRO-046,server,10.99.14.227,Windows Server 2019,Bengaluru,IT,U0205,aditya.kumar@northstar.local,medium,True,False,"managed,server,proxy"
A0277,SRV-JUM-047,server,10.99.3.235,Ubuntu 22.04,Bengaluru,IT,U0168,akash.iyer@northstar.local,high,True,False,"managed,server,jump_host"
A0278,SRV-APP-048,server,10.99.13.25,Windows Server 2019,Bengaluru,IT,U0016,farhan.iyer@northstar.local,medium,True,False,"managed,server,app_server"
A0279,SRV-DB_-049,server,10.99.19.185,Windows Server 2019,Bengaluru,IT,U0020,nandini.sharma@northstar.local,critical,True,False,"managed,server,db_server"
A0280,SRV-DB_-050,server,10.99.7.180,Windows Server 2022,Bengaluru,IT,U0200,sneha.mukherjee@northstar.local,critical,True,False,"managed,server,db_server"
A0281,SRV-FIL-051,server,10.99.12.25,Windows Server 2019,Bengaluru,IT,U0140,aman.sharma@northstar.local,high,True,False,"managed,server,file_server"
A0282,SRV-APP-052,server,10.99.13.195,Windows Server 2019,Bengaluru,IT,U9001,svc_backup@northstar.local,medium,True,False,"managed,server,app_server"
A0283,SRV-FIL-053,server,10.99.7.48,Windows Server 2019,Bengaluru,IT,U0146,sneha.rao@northstar.local,high,True,False,"managed,server,file_server"
A0284,SRV-JUM-054,server,10.99.1.111,Ubuntu 22.04,Bengaluru,IT,U0057,meera.singh@northstar.local,high,True,False,"managed,server,jump_host"
A0285,SRV-DB_-055,server,10.99.8.116,Ubuntu 22.04,Bengaluru,IT,U0053,anaya.sharma@northstar.local,critical,True,False,"managed,server,db_server"
A0286,AWS-APP-001,cloud_workload,172.31.29.44,Amazon Linux 2023,ap-south-1,Engineering,U0217,aarav.agarwal@northstar.local,high,True,False,"cloud,managed,aws"
A0287,AWS-APP-002,cloud_workload,172.31.5.197,Ubuntu 22.04,ap-south-1,Engineering,U9002,svc_build@northstar.local,high,True,False,"cloud,managed,aws"
A0288,AWS-APP-003,cloud_workload,172.31.2.96,Amazon Linux 2023,ap-south-1,Engineering,U0147,atharv.bose@northstar.local,medium,True,False,"cloud,managed,aws"
A0289,AWS-APP-004,cloud_workload,172.31.27.184,Amazon Linux 2023,ap-south-1,Engineering,U0020,nandini.sharma@northstar.local,high,True,False,"cloud,managed,aws"
A0290,AWS-APP-005,cloud_workload,172.31.15.216,Amazon Linux 2023,ap-south-1,Engineering,U9002,svc_build@northstar.local,critical,True,False,"cloud,managed,aws"
A0291,AWS-APP-006,cloud_workload,172.31.14.208,Amazon Linux 2023,ap-south-1,Engineering,U0185,neha.yadav@northstar.local,high,True,False,"cloud,managed,aws"
A0292,AWS-APP-007,cloud_workload,172.31.20.53,Ubuntu 22.04,ap-south-1,Engineering,U9002,svc_build@northstar.local,medium,True,False,"cloud,managed,aws"
A0293,AWS-APP-008,cloud_workload,172.31.20.222,Ubuntu 22.04,ap-south-1,Engineering,U0004,myra.iyer@northstar.local,high,True,False,"cloud,managed,aws"
A0294,AWS-APP-009,cloud_workload,172.31.18.60,Amazon Linux 2023,ap-south-1,Engineering,U0192,priya.bose@northstar.local,high,True,False,"cloud,managed,aws"
A0295,AWS-APP-010,cloud_workload,172.31.14.240,Ubuntu 22.04,ap-south-1,Engineering,U0081,pooja.reddy@northstar.local,high,True,False,"cloud,managed,aws"
A0296,AWS-APP-011,cloud_workload,172.31.10.244,Ubuntu 22.04,ap-south-1,Engineering,U0207,atharv.agarwal@northstar.local,medium,True,False,"cloud,managed,aws"
A0297,AWS-APP-012,cloud_workload,172.31.12.90,Ubuntu 22.04,ap-south-1,Engineering,U0211,kavya.rao@northstar.local,medium,True,False,"cloud,managed,aws"
A0298,AWS-APP-013,cloud_workload,172.31.18.88,Ubuntu 22.04,ap-south-1,Engineering,U0044,karan.pillai@northstar.local,high,True,False,"cloud,managed,aws"
A0299,AWS-APP-014,cloud_workload,172.31.19.140,Ubuntu 22.04,ap-south-1,Engineering,U0037,vihaan.tiwari@northstar.local,medium,True,False,"cloud,managed,aws"
A0300,AWS-APP-015,cloud_workload,172.31.10.169,Amazon Linux 2023,ap-south-1,Engineering,U0016,farhan.iyer@northstar.local,high,True,False,"cloud,managed,aws"
A0301,AWS-APP-016,cloud_workload,172.31.7.93,Amazon Linux 2023,ap-south-1,Engineering,U0134,aisha.gupta@northstar.local,high,True,False,"cloud,managed,aws"
A0302,AWS-APP-017,cloud_workload,172.31.28.186,Ubuntu 22.04,ap-south-1,Engineering,U0168,akash.iyer@northstar.local,medium,True,False,"cloud,managed,aws"
A0303,AWS-APP-018,cloud_workload,172.31.19.78,Ubuntu 22.04,ap-south-1,Engineering,U0203,anaya.tiwari@northstar.local,medium,True,False,"cloud,managed,aws"
A0304,AWS-APP-019,cloud_workload,172.31.28.82,Amazon Linux 2023,ap-south-1,Engineering,U0144,nisha.reddy2@northstar.local,critical,True,False,"cloud,managed,aws"
A0305,AWS-APP-020,cloud_workload,172.31.1.98,Amazon Linux 2023,ap-south-1,Engineering,U0157,akash.tiwari2@northstar.local,medium,True,False,"cloud,managed,aws"
A0306,AWS-APP-021,cloud_workload,172.31.26.222,Amazon Linux 2023,ap-south-1,Engineering,U0044,karan.pillai@northstar.local,high,True,False,"cloud,managed,aws"
A0307,AWS-APP-022,cloud_workload,172.31.19.122,Ubuntu 22.04,ap-south-1,Engineering,U0048,farhan.kumar@northstar.local,medium,True,False,"cloud,managed,aws"
A0308,AWS-APP-023,cloud_workload,172.31.16.78,Amazon Linux 2023,ap-south-1,Engineering,U0136,pooja.verma@northstar.local,critical,True,False,"cloud,managed,aws"
A0309,AWS-APP-024,cloud_workload,172.31.26.27,Amazon Linux 2023,ap-south-1,Engineering,U0159,saanvi.yadav@northstar.local,medium,True,False,"cloud,managed,aws"
A0310,AWS-APP-025,cloud_workload,172.31.5.87,Ubuntu 22.04,ap-south-1,Engineering,U0087,shreya.gupta@northstar.local,high,True,False,"cloud,managed,aws"
A0311,AWS-APP-026,cloud_workload,172.31.27.180,Amazon Linux 2023,ap-south-1,Engineering,U0136,pooja.verma@northstar.local,critical,True,False,"cloud,managed,aws"
A0312,AWS-APP-027,cloud_workload,172.31.28.220,Ubuntu 22.04,ap-south-1,Engineering,U0113,sana.jain@northstar.local,medium,True,False,"cloud,managed,aws"
A0313,AWS-APP-028,cloud_workload,172.31.25.29,Ubuntu 22.04,ap-south-1,Engineering,U0213,saanvi.shetty@northstar.local,medium,True,False,"cloud,managed,aws"
A0314,AWS-APP-029,cloud_workload,172.31.7.193,Amazon Linux 2023,ap-south-1,Engineering,U0055,tanya.jain@northstar.local,high,True,False,"cloud,managed,aws"
A0315,AWS-APP-030,cloud_workload,172.31.1.226,Ubuntu 22.04,ap-south-1,Engineering,U0055,tanya.jain@northstar.local,critical,True,False,"cloud,managed,aws"
A0316,AWS-APP-031,cloud_workload,172.31.0.124,Ubuntu 22.04,ap-south-1,Engineering,U0193,saanvi.mukherjee@northstar.local,medium,True,False,"cloud,managed,aws"
A0317,AWS-APP-032,cloud_workload,172.31.0.246,Ubuntu 22.04,ap-south-1,Engineering,U0203,anaya.tiwari@northstar.local,high,True,False,"cloud,managed,aws"
A0318,AWS-APP-033,cloud_workload,172.31.10.194,Amazon Linux 2023,ap-south-1,Engineering,U0053,anaya.sharma@northstar.local,high,True,False,"cloud,managed,aws"
A0319,AWS-APP-034,cloud_workload,172.31.23.207,Amazon Linux 2023,ap-south-1,Engineering,U0140,aman.sharma@northstar.local,medium,True,False,"cloud,managed,aws"
A0320,AWS-APP-035,cloud_workload,172.31.26.80,Ubuntu 22.04,ap-south-1,Engineering,U0203,anaya.tiwari@northstar.local,high,True,False,"cloud,managed,aws"
A0321,AWS-APP-036,cloud_workload,172.31.11.31,Ubuntu 22.04,ap-south-1,Engineering,U0133,meera.rao@northstar.local,medium,True,False,"cloud,managed,aws"
A0322,AWS-APP-037,cloud_workload,172.31.29.10,Amazon Linux 2023,ap-south-1,Engineering,U0079,arjun.iyer@northstar.local,critical,True,False,"cloud,managed,aws"
A0323,AWS-APP-038,cloud_workload,172.31.15.25,Ubuntu 22.04,ap-south-1,Engineering,U0217,aarav.agarwal@northstar.local,medium,True,False,"cloud,managed,aws"
A0324,AWS-APP-039,cloud_workload,172.31.22.166,Ubuntu 22.04,ap-south-1,Engineering,U0020,nandini.sharma@northstar.local,high,True,False,"cloud,managed,aws"
A0325,AWS-APP-040,cloud_workload,172.31.8.69,Amazon Linux 2023,ap-south-1,Engineering,U0133,meera.rao@northstar.local,medium,True,False,"cloud,managed,aws"
